                  epoch,         train/box_loss,         train/cls_loss,         train/dfl_loss,   metrics/precision(B),      metrics/recall(B),       metrics/mAP50(B),    metrics/mAP50-95(B),           val/box_loss,           val/cls_loss,           val/dfl_loss,                 lr/pg0,                 lr/pg1,                 lr/pg2
                      1,                0.85465,                0.47209,                0.95652,                0.74249,                0.68188,                0.68094,                0.46978,                 1.1299,                0.69657,                 1.0769,              0.0033278,              0.0033278,              0.0033278
                      2,                0.89326,                0.48989,                0.95966,                0.74312,                0.67805,                  0.682,                0.46053,                 1.1679,                0.72474,                 1.0928,              0.0066578,              0.0066578,              0.0066578
                      3,                0.95805,                0.53385,                0.98985,                0.73285,                0.65104,                0.66405,                0.43584,                 1.2407,                0.76424,                 1.1136,              0.0099845,              0.0099845,              0.0099845
                      4,                  1.081,                0.63112,                 1.0381,                0.68661,                0.64962,                0.63983,                0.40598,                 1.3024,                0.79672,                 1.1277,              0.0099851,              0.0099851,              0.0099851
                      5,                  1.122,                0.66298,                 1.0533,                0.69294,                0.63004,                0.62664,                0.40629,                 1.2803,                0.79486,                 1.1193,              0.0099802,              0.0099802,              0.0099802
                      6,                  1.151,                0.68523,                 1.0668,                0.68037,                0.64186,                0.64889,                0.40438,                 1.2985,                0.79888,                 1.1353,              0.0099753,              0.0099753,              0.0099753
